{
  "lidar_log_path": "./",

  "HAP": {
    "lidar_net_info" : {
      "cmd_data_port"  : 56000,
      "push_msg_port"  : 0,
      "point_data_port": 57000,
      "imu_data_port"  : 58000,
      "log_data_port"  : 59000
    },
    "host_net_info" : [
      {
        "host_ip"        : "172.16.14.205",
        "cmd_data_port"  : 56000,
        "push_msg_port"  : 0,
        "point_data_port": 57000,
        "imu_data_port"  : 58000,
        "log_data_port"  : 59000
      }
    ]
  }
}

